benchmark,program,evaluator,device,batch_size,nodes,depth,mean_s,std_s,min_s,median_s,throughput
evaluator,add,sequential,cpu,1,3,1,7.140201e-06,4.130675e-07,6.666e-06,7.083501e-06,140052.1
evaluator,add,SchemeGNN,cpu,1,3,1,2.515234e-06,5.478799e-07,2.290995e-06,2.375004e-06,397577.3
evaluator,add,PyG_CPU,cpu,1,3,1,0.0001146266,7.077483e-06,0.000106,0.0001124375,8724.0
evaluator,add,PyG_GPU,mps,1,3,1,0.0004798764,0.0002473917,0.000366416,0.0003896665,2083.9
evaluator,square_plus,sequential,cpu,1,4,2,8.518e-06,4.261653e-07,7.875002e-06,8.416504e-06,117398.4
evaluator,square_plus,SchemeGNN,cpu,1,4,2,3.662567e-06,9.250481e-08,3.499998e-06,3.666002e-06,273032.6
evaluator,square_plus,PyG_CPU,cpu,1,4,2,0.0001948125,1.186763e-05,0.00018025,0.000192542,5133.1
evaluator,square_plus,PyG_GPU,mps,1,4,2,0.0006911959,0.0004757773,0.000474625,0.000536333,1446.8
evaluator,four_ops,sequential,cpu,1,7,2,1.445837e-05,3.162851e-06,1.325e-05,1.38335e-05,69164.1
evaluator,four_ops,SchemeGNN,cpu,1,7,2,5.4222e-06,5.962928e-08,5.333e-06,5.417001e-06,184427.0
evaluator,four_ops,PyG_CPU,cpu,1,7,2,0.0002973861,3.801814e-05,0.000265,0.000284021,3362.6
evaluator,four_ops,PyG_GPU,mps,1,7,2,0.001150647,0.000416529,0.000836625,0.0009815625,869.1
evaluator,abs,sequential,cpu,1,6,2,2.409017e-05,1.059532e-06,2.3208e-05,2.3729e-05,41510.7
evaluator,abs,SchemeGNN,cpu,1,6,2,1.78208e-05,2.166927e-07,1.7375e-05,1.775e-05,56114.2
evaluator,abs,PyG_CPU,cpu,1,6,2,0.0003438082,2.545007e-05,0.000317083,0.0003374165,2908.6
evaluator,abs,PyG_GPU,mps,1,6,2,0.005227283,0.0009424153,0.00420225,0.004989209,191.3
evaluator,clamp,sequential,cpu,1,9,3,4.06791e-05,6.779375e-06,3.800001e-05,3.88745e-05,24582.6
evaluator,clamp,SchemeGNN,cpu,1,9,3,2.940687e-05,4.488574e-07,2.8542e-05,2.9396e-05,34005.7
evaluator,clamp,PyG_CPU,cpu,1,9,3,0.000564968,4.046634e-05,0.000520875,0.0005532715,1770.0
evaluator,clamp,PyG_GPU,mps,1,9,3,0.006593036,0.001125196,0.0054105,0.006199583,151.7
evaluator,quadratic,sequential,cpu,1,9,4,1.622357e-05,4.462257e-07,1.5792e-05,1.6104e-05,61638.7
evaluator,quadratic,SchemeGNN,cpu,1,9,4,7.727733e-06,1.08793e-07,7.583003e-06,7.709001e-06,129404.0
evaluator,quadratic,PyG_CPU,cpu,1,9,4,0.000529368,0.0001921341,0.000458041,0.000492229,1889.0
evaluator,quadratic,PyG_GPU,mps,1,9,4,0.001362582,0.0004389763,0.001047125,0.001177104,733.9
evaluator,discriminant,sequential,cpu,1,13,5,3.691657e-05,1.785237e-06,3.5042e-05,3.6958e-05,27088.1
evaluator,discriminant,SchemeGNN,cpu,1,13,5,2.28835e-05,4.458344e-07,2.2334e-05,2.27295e-05,43699.6
evaluator,discriminant,PyG_CPU,cpu,1,13,5,0.0005950973,3.97855e-05,0.000561917,0.000578792,1680.4
evaluator,discriminant,PyG_GPU,mps,1,13,5,0.007461117,0.001058045,0.006006375,0.00714877,134.0
evaluator,dist_sq,sequential,cpu,1,9,3,1.73084e-05,5.713026e-06,1.5875e-05,1.6292e-05,57775.4
evaluator,dist_sq,SchemeGNN,cpu,1,9,3,7.722201e-06,9.612901e-08,7.541996e-06,7.708004e-06,129496.8
evaluator,dist_sq,PyG_CPU,cpu,1,9,3,0.0002929679,5.479093e-05,0.000268167,0.0002819165,3413.3
evaluator,dist_sq,PyG_GPU,mps,1,9,3,0.001202933,0.0004348599,0.000847041,0.0010415,831.3
evaluator,dot4,sequential,cpu,1,15,3,2.704177e-05,7.541445e-07,2.6042e-05,2.6938e-05,36979.8
evaluator,dot4,SchemeGNN,cpu,1,15,3,1.06138e-05,9.154767e-08,1.0416e-05,1.0625e-05,94217.0
evaluator,dot4,PyG_CPU,cpu,1,15,3,0.0003873458,3.02764e-05,0.000361791,0.0003771665,2581.7
evaluator,dot4,PyG_GPU,mps,1,15,3,0.001883999,0.0004267354,0.001488125,0.001678854,530.8
batch_scaling,add,batch_cpu,cpu,1,3,1,0.0001143209,2.470737e-06,0.000110334,0.0001148955,8747.3
batch_scaling,add,batch_gpu,mps,1,3,1,0.001778518,0.000566662,0.001282959,0.001537354,562.3
batch_scaling,add,batch_cpu,cpu,10,3,1,0.000119443,9.905749e-06,0.000113541,0.0001157505,83722.0
batch_scaling,add,batch_gpu,mps,10,3,1,0.001766101,0.0005271185,0.001293208,0.001567917,5662.2
batch_scaling,add,batch_cpu,cpu,100,3,1,0.0001158916,1.01572e-05,0.000108583,0.0001127085,862875.3
batch_scaling,add,batch_gpu,mps,100,3,1,0.002309478,0.000917455,0.001348416,0.002080813,43299.8
batch_scaling,add,batch_cpu,cpu,1000,3,1,0.0001166902,2.712412e-06,0.000112917,0.0001158955,8569697.6
batch_scaling,add,batch_gpu,mps,1000,3,1,0.00175478,0.0005774024,0.001306083,0.001467146,569871.8
batch_scaling,add,batch_cpu,cpu,10000,3,1,0.0001559541,3.057903e-06,0.000149084,0.000156,64121417.0
batch_scaling,add,batch_gpu,mps,10000,3,1,0.001791187,0.0004309746,0.001339042,0.001663813,5582888.7
batch_scaling,add,batch_cpu,cpu,100000,3,1,0.001112011,0.0007534911,0.000593875,0.0008017705,89927162.5
batch_scaling,add,batch_gpu,mps,100000,3,1,0.003675163,0.001686037,0.001883625,0.003431459,27209680.7
batch_scaling,square_plus,batch_cpu,cpu,1,4,2,0.0003058833,0.0003555432,0.000202083,0.000207375,3269.2
batch_scaling,square_plus,batch_gpu,mps,1,4,2,0.005471186,0.006153817,0.002510125,0.003635292,182.8
batch_scaling,square_plus,batch_cpu,cpu,10,4,2,0.0002041014,3.662467e-06,0.0002005,0.000202646,48995.3
batch_scaling,square_plus,batch_gpu,mps,10,4,2,0.004046757,0.001469998,0.002558458,0.0036965,2471.1
batch_scaling,square_plus,batch_cpu,cpu,100,4,2,0.0002001736,3.415214e-06,0.000194916,0.0002005205,499566.3
batch_scaling,square_plus,batch_gpu,mps,100,4,2,0.00528544,0.00395069,0.002324292,0.003817104,18919.9
batch_scaling,square_plus,batch_cpu,cpu,1000,4,2,0.0006467596,0.001314004,0.000207542,0.000216729,1546169.5
batch_scaling,square_plus,batch_gpu,mps,1000,4,2,0.003350033,0.001013035,0.002382375,0.002912729,298504.5
batch_scaling,square_plus,batch_cpu,cpu,10000,4,2,0.0003074041,5.430303e-05,0.000269666,0.000290542,32530466.9
batch_scaling,square_plus,batch_gpu,mps,10000,4,2,0.003105215,0.0006761062,0.002335916,0.002843584,3220388.6
batch_scaling,square_plus,batch_cpu,cpu,100000,4,2,0.001509806,0.0005269624,0.00102925,0.001372417,66233695.5
batch_scaling,square_plus,batch_gpu,mps,100000,4,2,0.003256135,0.0007133575,0.002416792,0.003019125,30711260.2
batch_scaling,four_ops,batch_cpu,cpu,1,7,2,0.0002882987,1.983973e-05,0.000272167,0.000281042,3468.6
batch_scaling,four_ops,batch_gpu,mps,1,7,2,0.004361304,0.0008986695,0.003272292,0.004133729,229.3
batch_scaling,four_ops,batch_cpu,cpu,10,7,2,0.0002901624,1.897278e-05,0.000275584,0.0002815415,34463.5
batch_scaling,four_ops,batch_gpu,mps,10,7,2,0.004437333,0.0009787675,0.003359875,0.004080396,2253.6
batch_scaling,four_ops,batch_cpu,cpu,100,7,2,0.0003087487,3.660209e-05,0.000278458,0.000295979,323888.0
batch_scaling,four_ops,batch_gpu,mps,100,7,2,0.004261874,0.0006586891,0.0033515,0.004138895,23463.9
batch_scaling,four_ops,batch_cpu,cpu,1000,7,2,0.0003025736,1.827155e-05,0.000287125,0.000298854,3304981.0
batch_scaling,four_ops,batch_gpu,mps,1000,7,2,0.00429815,0.000760942,0.003433209,0.003988271,232658.2
batch_scaling,four_ops,batch_cpu,cpu,10000,7,2,0.0005437139,0.000140025,0.000417125,0.0005083335,18392024.5
batch_scaling,four_ops,batch_gpu,mps,10000,7,2,0.004014557,0.0008268911,0.003046333,0.003735688,2490934.8
batch_scaling,four_ops,batch_cpu,cpu,100000,7,2,0.002275613,0.0007209732,0.001661333,0.002092313,43944210.9
batch_scaling,four_ops,batch_gpu,mps,100000,7,2,0.0046469,0.0009586213,0.003508333,0.004313833,21519723.3
batch_scaling,abs,batch_cpu,cpu,1,6,2,0.0003590707,3.488285e-05,0.000335167,0.0003537285,2785.0
batch_scaling,abs,batch_gpu,mps,1,6,2,0.005527278,0.0008366501,0.004460917,0.00548348,180.9
batch_scaling,abs,batch_cpu,cpu,10,6,2,0.0003588194,1.588739e-05,0.000338084,0.000359625,27869.2
batch_scaling,abs,batch_gpu,mps,10,6,2,0.005399206,0.001036066,0.004112791,0.00494825,1852.1
batch_scaling,abs,batch_cpu,cpu,100,6,2,0.0003557944,1.649796e-05,0.000342292,0.000350229,281061.2
batch_scaling,abs,batch_gpu,mps,100,6,2,0.005294332,0.000882472,0.004217584,0.005125938,18888.1
batch_scaling,abs,batch_cpu,cpu,1000,6,2,0.0003618917,1.69565e-05,0.0003485,0.0003586045,2763257.9
batch_scaling,abs,batch_gpu,mps,1000,6,2,0.005401235,0.001036487,0.004235417,0.005158353,185142.9
batch_scaling,abs,batch_cpu,cpu,10000,6,2,0.0005652666,0.0002054756,0.000469875,0.0005058955,17690766.4
batch_scaling,abs,batch_gpu,mps,10000,6,2,0.004717428,0.0008975889,0.003694417,0.004493895,2119799.3
batch_scaling,abs,batch_cpu,cpu,100000,6,2,0.002866522,0.001099422,0.002026625,0.002525084,34885479.0
batch_scaling,abs,batch_gpu,mps,100000,6,2,0.005217021,0.0009666395,0.004068042,0.005035083,19168027.6
batch_scaling,clamp,batch_cpu,cpu,1,9,3,0.0006279876,0.0001408184,0.000541667,0.0005824375,1592.4
batch_scaling,clamp,batch_gpu,mps,1,9,3,0.006338504,0.0007640109,0.005326542,0.006193771,157.8
batch_scaling,clamp,batch_cpu,cpu,10,9,3,0.0005723042,4.430103e-05,0.00054225,0.0005584375,17473.2
batch_scaling,clamp,batch_gpu,mps,10,9,3,0.006417233,0.0006477756,0.005619333,0.006230646,1558.3
batch_scaling,clamp,batch_cpu,cpu,100,9,3,0.0005932431,6.589495e-05,0.000551,0.000571,168565.0
batch_scaling,clamp,batch_gpu,mps,100,9,3,0.006375804,0.0007590109,0.005343625,0.006373312,15684.3
batch_scaling,clamp,batch_cpu,cpu,1000,9,3,0.0006241709,3.960106e-05,0.000580209,0.0006135415,1602125.2
batch_scaling,clamp,batch_gpu,mps,1000,9,3,0.00662166,0.001042581,0.005438292,0.00637625,151019.5
batch_scaling,clamp,batch_cpu,cpu,10000,9,3,0.001059543,0.0001143484,0.000913625,0.001022145,9438030.7
batch_scaling,clamp,batch_gpu,mps,10000,9,3,0.00640647,0.0009292066,0.005194083,0.006248396,1560922.1
batch_scaling,clamp,batch_cpu,cpu,100000,9,3,0.0058825,0.0009949322,0.004669958,0.005613062,16999574.8
batch_scaling,clamp,batch_gpu,mps,100000,9,3,0.008302243,0.00102104,0.006918584,0.007985271,12044937.6
batch_scaling,quadratic,batch_cpu,cpu,1,9,4,0.0005004681,4.35322e-05,0.000466458,0.000484375,1998.1
batch_scaling,quadratic,batch_gpu,mps,1,9,4,0.005224093,0.0005199795,0.004280042,0.005216188,191.4
batch_scaling,quadratic,batch_cpu,cpu,10,9,4,0.0004942236,3.303458e-05,0.000470917,0.0004830415,20233.8
batch_scaling,quadratic,batch_gpu,mps,10,9,4,0.006390057,0.002675257,0.00437475,0.005675792,1564.9
batch_scaling,quadratic,batch_cpu,cpu,100,9,4,0.0005101431,4.763153e-05,0.000470084,0.000488,196023.4
batch_scaling,quadratic,batch_gpu,mps,100,9,4,0.005864237,0.001016615,0.004292375,0.005635605,17052.5
batch_scaling,quadratic,batch_cpu,cpu,1000,9,4,0.0008376417,0.0005967375,0.000532417,0.000549,1193827.9
batch_scaling,quadratic,batch_gpu,mps,1000,9,4,0.00700684,0.002002297,0.004618333,0.006879938,142717.7
batch_scaling,quadratic,batch_cpu,cpu,10000,9,4,0.001258592,0.0005643857,0.000962792,0.001050312,7945388.1
batch_scaling,quadratic,batch_gpu,mps,10000,9,4,0.007925242,0.003488797,0.004140916,0.005679021,1261791.2
batch_scaling,quadratic,batch_cpu,cpu,100000,9,4,0.006106825,0.0007489918,0.00497225,0.006217521,16375121.5
batch_scaling,quadratic,batch_gpu,mps,100000,9,4,0.007903049,0.0007632695,0.006651709,0.007883041,12653345.0
batch_scaling,discriminant,batch_cpu,cpu,1,13,5,0.0006214125,4.74152e-05,0.000581,0.0006117915,1609.2
batch_scaling,discriminant,batch_gpu,mps,1,13,5,0.007055217,0.0007658276,0.006020417,0.006813896,141.7
batch_scaling,discriminant,batch_cpu,cpu,10,13,5,0.0006250637,5.114356e-05,0.00057975,0.000613875,15998.4
batch_scaling,discriminant,batch_gpu,mps,10,13,5,0.007161015,0.0007411837,0.006082667,0.007209833,1396.5
batch_scaling,discriminant,batch_cpu,cpu,100,13,5,0.0006223932,4.768753e-05,0.000589083,0.000603042,160670.1
batch_scaling,discriminant,batch_gpu,mps,100,13,5,0.007002499,0.0006516282,0.005986292,0.006990125,14280.6
batch_scaling,discriminant,batch_cpu,cpu,1000,13,5,0.0006967876,7.954107e-05,0.000621167,0.0006731045,1435157.6
batch_scaling,discriminant,batch_gpu,mps,1000,13,5,0.007021843,0.0004708553,0.006189916,0.00699125,142412.8
batch_scaling,discriminant,batch_cpu,cpu,10000,13,5,0.001230697,0.0001981992,0.001022041,0.001174312,8125475.3
batch_scaling,discriminant,batch_gpu,mps,10000,13,5,0.006925974,0.000613299,0.005838459,0.006771146,1443840.3
batch_scaling,discriminant,batch_cpu,cpu,100000,13,5,0.006528701,0.0008265321,0.005317917,0.006380541,15316981.7
batch_scaling,discriminant,batch_gpu,mps,100000,13,5,0.009194436,0.0008536145,0.008016458,0.009036542,10876143.0
batch_scaling,dist_sq,batch_cpu,cpu,1,9,3,0.0002910917,2.439823e-05,0.000274584,0.0002831665,3435.3
batch_scaling,dist_sq,batch_gpu,mps,1,9,3,0.004098336,0.0005905485,0.003369417,0.003900396,244.0
batch_scaling,dist_sq,batch_cpu,cpu,10,9,3,0.0003147847,4.336291e-05,0.000282208,0.000296792,31767.7
batch_scaling,dist_sq,batch_gpu,mps,10,9,3,0.004060374,0.0005776831,0.003312667,0.003999187,2462.8
batch_scaling,dist_sq,batch_cpu,cpu,100,9,3,0.0003170013,6.853483e-05,0.000279166,0.0002935415,315456.2
batch_scaling,dist_sq,batch_gpu,mps,100,9,3,0.004097223,0.0005324262,0.003463583,0.003979,24406.8
batch_scaling,dist_sq,batch_cpu,cpu,1000,9,3,0.0003108597,2.693993e-05,0.00029275,0.0003030415,3216885.3
batch_scaling,dist_sq,batch_gpu,mps,1000,9,3,0.004162583,0.0005975044,0.003383042,0.004048604,240235.4
batch_scaling,dist_sq,batch_cpu,cpu,10000,9,3,0.0005771152,9.125629e-05,0.000507,0.0005465005,17327564.0
batch_scaling,dist_sq,batch_gpu,mps,10000,9,3,0.003750432,0.0006202029,0.002982334,0.003647958,2666359.6
batch_scaling,dist_sq,batch_cpu,cpu,100000,9,3,0.003113439,0.0006103763,0.002542,0.002901375,32118826.0
batch_scaling,dist_sq,batch_gpu,mps,100000,9,3,0.004896086,0.0007540891,0.004111625,0.004713354,20424477.7
batch_scaling,dot4,batch_cpu,cpu,1,15,3,0.000402282,4.238579e-05,0.000365125,0.000388771,2485.8
batch_scaling,dot4,batch_gpu,mps,1,15,3,0.004723632,0.0007374166,0.003776292,0.004559771,211.7
batch_scaling,dot4,batch_cpu,cpu,10,15,3,0.0003818166,2.586683e-05,0.000363042,0.0003742295,26190.6
batch_scaling,dot4,batch_gpu,mps,10,15,3,0.004860039,0.0008311766,0.003838583,0.004672208,2057.6
batch_scaling,dot4,batch_cpu,cpu,100,15,3,0.0003742403,1.519108e-05,0.00036275,0.000369146,267208.0
batch_scaling,dot4,batch_gpu,mps,100,15,3,0.004726606,0.0006683015,0.003802,0.004653188,21156.8
batch_scaling,dot4,batch_cpu,cpu,1000,15,3,0.0004427348,4.258055e-05,0.000414625,0.0004304165,2258688.7
batch_scaling,dot4,batch_gpu,mps,1000,15,3,0.004631011,0.0005063517,0.003897834,0.004677687,215935.6
batch_scaling,dot4,batch_cpu,cpu,10000,15,3,0.001177172,0.0002515511,0.000959125,0.00113027,8494934.1
batch_scaling,dot4,batch_gpu,mps,10000,15,3,0.004229174,0.0005773431,0.003518708,0.00423577,2364528.2
batch_scaling,dot4,batch_cpu,cpu,100000,15,3,0.006621354,0.0007739103,0.005534042,0.006590146,15102651.0
batch_scaling,dot4,batch_gpu,mps,100000,15,3,0.007648297,0.0007536142,0.006213375,0.007713292,13074805.7
depth_scaling,chain_1,batch_cpu,cpu,1000,3,1,0.0001357888,6.069353e-06,0.000131167,0.000134083,7364377.6
depth_scaling,chain_1,batch_gpu,mps,1000,3,1,0.002375771,0.001374851,0.001528833,0.001776833,420916.0
depth_scaling,chain_2,batch_cpu,cpu,1000,5,2,0.0002587346,1.157207e-05,0.00024925,0.00025425,3864963.8
depth_scaling,chain_2,batch_gpu,mps,1000,5,2,0.003302086,0.0005359554,0.002686333,0.003165125,302838.9
depth_scaling,chain_4,batch_cpu,cpu,1000,9,4,0.0005603208,0.0001433763,0.000452834,0.000501979,1784691.8
depth_scaling,chain_4,batch_gpu,mps,1000,9,4,0.004735845,0.0009712515,0.003711,0.004492625,211155.6
depth_scaling,chain_8,batch_cpu,cpu,1000,17,8,0.001020449,0.0001602476,0.000946417,0.000983333,979961.0
depth_scaling,chain_8,batch_gpu,mps,1000,17,8,0.008383543,0.002425882,0.005779,0.00826025,119281.3
depth_scaling,chain_16,batch_cpu,cpu,1000,33,16,0.003215875,0.001042112,0.002501167,0.002764375,310957.3
depth_scaling,chain_16,batch_gpu,mps,1000,33,16,0.01211655,0.003511954,0.009017042,0.01085173,82531.7
depth_scaling,chain_32,batch_cpu,cpu,1000,65,32,0.00707565,0.0003970242,0.006596042,0.007007937,141329.8
depth_scaling,chain_32,batch_gpu,mps,1000,65,32,0.01741544,0.0006177832,0.01656308,0.01721694,57420.3
depth_scaling,chain_64,batch_cpu,cpu,1000,129,64,0.03535975,0.002109315,0.03181713,0.03502802,28280.7
depth_scaling,chain_64,batch_gpu,mps,1000,129,64,0.0332079,0.0008164137,0.03206783,0.03310425,30113.3
depth_scaling,chain_128,batch_cpu,cpu,1000,257,128,0.1027369,0.0297493,0.085313,0.09129679,9733.6
depth_scaling,chain_128,batch_gpu,mps,1000,257,128,0.09137419,0.001064648,0.08890329,0.09135165,10944.0
depth_scaling,chain_256,batch_cpu,cpu,1000,513,256,0.3238848,0.06631511,0.285594,0.2978254,3087.5
depth_scaling,chain_256,batch_gpu,mps,1000,513,256,0.3224675,0.00495937,0.3164085,0.3209337,3101.1
width_scaling,tree_1,batch_cpu,cpu,1000,3,1,0.0001836902,0.0001019839,0.000137875,0.000144875,5443947.6
width_scaling,tree_1,batch_gpu,mps,1000,3,1,0.001717233,0.0003518693,0.001352459,0.001586792,582332.1
width_scaling,tree_2,batch_cpu,cpu,1000,7,2,0.0002470014,2.356151e-05,0.000219125,0.000244479,4048559.5
width_scaling,tree_2,batch_gpu,mps,1000,7,2,0.003026903,0.0004809351,0.002355791,0.002921146,330370.7
width_scaling,tree_4,batch_cpu,cpu,1000,15,3,0.0004264013,4.008587e-05,0.000398709,0.0004156045,2345208.6
width_scaling,tree_4,batch_gpu,mps,1000,15,3,0.004830242,0.0007928771,0.003737333,0.004846729,207029.0
width_scaling,tree_8,batch_cpu,cpu,1000,31,4,0.0006841862,0.0001624055,0.000594042,0.000630104,1461590.4
width_scaling,tree_8,batch_gpu,mps,1000,31,4,0.00543753,0.001008951,0.0042855,0.005108229,183907.0
width_scaling,tree_16,batch_cpu,cpu,1000,63,5,0.001100177,0.0002319426,0.000910458,0.000990979,908945.1
width_scaling,tree_16,batch_gpu,mps,1000,63,5,0.005894621,0.001143892,0.004705667,0.005621687,169646.2
width_scaling,tree_32,batch_cpu,cpu,1000,127,6,0.001679379,0.0001636711,0.001493667,0.0016355,595458.2
width_scaling,tree_32,batch_gpu,mps,1000,127,6,0.006710778,0.001437451,0.005366666,0.006283542,149014.0
width_scaling,tree_64,batch_cpu,cpu,1000,255,7,0.004484881,0.0004967834,0.003810958,0.004247979,222971.4
width_scaling,tree_64,batch_gpu,mps,1000,255,7,0.007658589,0.0005030244,0.006699875,0.007575708,130572.4
width_scaling,tree_128,batch_cpu,cpu,1000,511,8,0.00831449,0.001404874,0.006816916,0.007952458,120272.0
width_scaling,tree_128,batch_gpu,mps,1000,511,8,0.01036348,0.0007138957,0.009249125,0.01034537,96492.7
compilation,add,compile,cpu,0,3,1,1.05527e-05,2.353197e-07,1.0208e-05,1.05205e-05,
compilation,add,model_init,cpu,0,3,1,0.0008246709,8.258917e-05,0.000724041,0.000814896,
compilation,square_plus,compile,cpu,0,4,2,1.824303e-05,2.866397e-07,1.7916e-05,1.8209e-05,
compilation,square_plus,model_init,cpu,0,4,2,0.0008057097,5.958155e-05,0.000743958,0.000781167,
compilation,four_ops,compile,cpu,0,7,2,2.805547e-05,2.131685e-06,2.6958e-05,2.7417e-05,
compilation,four_ops,model_init,cpu,0,7,2,0.0008449374,0.0001065659,0.000754375,0.000796958,
compilation,abs,compile,cpu,0,6,2,2.49403e-05,5.536518e-07,2.3875e-05,2.5e-05,
compilation,abs,model_init,cpu,0,6,2,0.0008840444,0.0002244866,0.00078975,0.000833896,
compilation,clamp,compile,cpu,0,9,3,3.367217e-05,5.937962e-06,3.1667e-05,3.22915e-05,
compilation,clamp,model_init,cpu,0,9,3,0.0009062486,0.0001314283,0.000819125,0.0008736245,
compilation,quadratic,compile,cpu,0,9,4,4.996807e-05,1.157733e-05,4.3333e-05,4.54585e-05,
compilation,quadratic,model_init,cpu,0,9,4,0.0008085319,5.51632e-05,0.000760333,0.000786125,
compilation,discriminant,compile,cpu,0,13,5,6.355693e-05,1.912049e-05,5.4292e-05,5.5854e-05,
compilation,discriminant,model_init,cpu,0,13,5,0.0009157541,6.737986e-05,0.000842834,0.000907625,
compilation,dist_sq,compile,cpu,0,9,3,5.312077e-05,8.177126e-06,5.0083e-05,5.1e-05,
compilation,dist_sq,model_init,cpu,0,9,3,0.0008612111,0.0001635826,0.000765708,0.0008059795,
compilation,dot4,compile,cpu,0,15,3,6.195547e-05,9.51936e-07,6.0833e-05,6.1625e-05,
compilation,dot4,model_init,cpu,0,15,3,0.000831682,6.091549e-05,0.000770083,0.0008156875,
baseline_single,add,python,cpu,1,3,1,1.013e-07,2.367214e-08,8.299685e-08,8.400093e-08,9871667.8
baseline_batch,add,numpy,cpu,1,3,1,3.721669e-07,8.264941e-08,3.329988e-07,3.335008e-07,2686966.3
baseline_batch,add,torch_cpu,cpu,1,3,1,1.143033e-06,7.705864e-08,1.041997e-06,1.125001e-06,874865.2
baseline_batch,add,torch_gpu,mps,1,3,1,0.0001893623,2.825308e-05,0.000156166,0.000184521,5280.9
baseline_batch,add,numpy,cpu,10,3,1,3.485334e-07,3.557288e-08,2.919987e-07,3.330024e-07,28691654.3
baseline_batch,add,torch_cpu,cpu,10,3,1,1.098567e-06,3.367725e-08,1.041e-06,1.083499e-06,9102763.4
baseline_batch,add,torch_gpu,mps,10,3,1,0.0001609666,1.962436e-05,0.000135166,0.000157854,62124.7
baseline_batch,add,numpy,cpu,100,3,1,3.597008e-07,3.204175e-08,3.329988e-07,3.544992e-07,278008842.5
baseline_batch,add,torch_cpu,cpu,100,3,1,1.124967e-06,5.020261e-08,1.041e-06,1.125001e-06,88891508.2
baseline_batch,add,torch_gpu,mps,100,3,1,0.0001701458,2.267993e-05,0.000136125,0.000167,587731.1
baseline_batch,add,numpy,cpu,1000,3,1,5.263665e-07,4.57561e-08,4.579997e-07,5.000038e-07,1899816801.3
baseline_batch,add,torch_cpu,cpu,1000,3,1,1.079067e-06,4.925749e-08,1.041e-06,1.082997e-06,926726343.1
baseline_batch,add,torch_gpu,mps,1000,3,1,0.000195964,4.218674e-05,0.000150334,0.0001830625,5102979.0
baseline_batch,add,numpy,cpu,10000,3,1,1.251399e-06,4.306827e-08,1.207998e-06,1.250002e-06,7991058063.8
baseline_batch,add,torch_cpu,cpu,10000,3,1,1.869467e-06,5.652919e-08,1.791996e-06,1.875e-06,5349117281.5
baseline_batch,add,torch_gpu,mps,10000,3,1,0.0001919999,5.766868e-05,0.00015275,0.000178125,52083360.4
baseline_batch,add,numpy,cpu,100000,3,1,1.329727e-05,2.349598e-07,1.3125e-05,1.3208e-05,7520342312.7
baseline_batch,add,torch_cpu,cpu,100000,3,1,2.800553e-05,2.065647e-05,1.6417e-05,2.3792e-05,3570723014.6
baseline_batch,add,torch_gpu,mps,100000,3,1,0.0002781874,0.0001250123,0.000180541,0.000232375,359469867.7
baseline_single,square_plus,python,cpu,1,4,2,1.207996e-07,2.00456e-08,8.299685e-08,1.25001e-07,8278175.1
baseline_batch,square_plus,numpy,cpu,1,4,2,6.735342e-07,5.796367e-08,5.830007e-07,6.670016e-07,1484705.6
baseline_batch,square_plus,torch_cpu,cpu,1,4,2,2.044433e-06,6.181139e-08,1.958004e-06,2.040997e-06,489133.3
baseline_batch,square_plus,torch_gpu,mps,1,4,2,0.0001942444,2.274869e-05,0.000168958,0.0001918745,5148.2
baseline_batch,square_plus,numpy,cpu,10,4,2,6.430326e-07,3.407727e-08,5.830007e-07,6.250048e-07,15551310.1
baseline_batch,square_plus,torch_cpu,cpu,10,4,2,2.051401e-06,4.191782e-08,1.999993e-06,2.042005e-06,4874716.9
baseline_batch,square_plus,torch_gpu,mps,10,4,2,0.0001905318,2.398135e-05,0.00017075,0.000181708,52484.7
baseline_batch,square_plus,numpy,cpu,100,4,2,6.526338e-07,3.149376e-08,5.829934e-07,6.659975e-07,153225296.0
baseline_batch,square_plus,torch_cpu,cpu,100,4,2,2.084966e-06,4.944007e-08,2.041998e-06,2.083001e-06,47962409.2
baseline_batch,square_plus,torch_gpu,mps,100,4,2,0.000261243,0.000181515,0.000167083,0.0001986665,382785.4
baseline_batch,square_plus,numpy,cpu,1000,4,2,1.020733e-06,6.275462e-08,9.159994e-07,1e-06,979688186.3
baseline_batch,square_plus,torch_cpu,cpu,1000,4,2,1.963734e-06,7.409664e-08,1.916e-06,1.957997e-06,509233899.8
baseline_batch,square_plus,torch_gpu,mps,1000,4,2,0.0002020042,2.795584e-05,0.000172334,0.000195667,4950392.1
baseline_batch,square_plus,numpy,cpu,10000,4,2,5.390301e-06,3.081503e-06,2.916e-06,3.937501e-06,1855184122.8
baseline_batch,square_plus,torch_cpu,cpu,10000,4,2,6.7638e-06,3.03367e-06,4.124995e-06,6.208498e-06,1478458950.2
baseline_batch,square_plus,torch_gpu,mps,10000,4,2,0.0002550916,0.0001222776,0.000174541,0.0002082915,39201609.6
baseline_batch,square_plus,numpy,cpu,100000,4,2,2.191683e-05,5.584266e-07,2.125e-05,2.16665e-05,4562703000.9
baseline_batch,square_plus,torch_cpu,cpu,100000,4,2,4.22137e-05,2.700036e-05,2.4875e-05,3.35835e-05,2368899203.1
baseline_batch,square_plus,torch_gpu,mps,100000,4,2,0.0002314625,0.00015537,0.000175959,0.0001933335,432035365.8
baseline_single,four_ops,python,cpu,1,7,2,1.388335e-07,3.523936e-08,8.299685e-08,1.25001e-07,7202871.6
baseline_batch,four_ops,numpy,cpu,1,7,2,8.931005e-07,7.87522e-08,8.329953e-07,8.749994e-07,1119694.8
baseline_batch,four_ops,torch_cpu,cpu,1,7,2,3.097168e-06,5.017717e-07,2.916e-06,2.979501e-06,322875.6
baseline_batch,four_ops,torch_gpu,mps,1,7,2,0.0002687806,0.0001202098,0.000206792,0.000234063,3720.5
baseline_batch,four_ops,numpy,cpu,10,7,2,8.651994e-07,3.895016e-08,8.329953e-07,8.749994e-07,11558029.3
baseline_batch,four_ops,torch_cpu,cpu,10,7,2,2.9875e-06,5.380141e-08,2.916997e-06,2.959001e-06,3347280.1
baseline_batch,four_ops,torch_gpu,mps,10,7,2,0.0002540457,0.0002388249,0.000183208,0.0002059165,39363.0
baseline_batch,four_ops,numpy,cpu,100,7,2,9.082997e-07,3.357014e-08,8.749994e-07,9.159994e-07,110095814.0
baseline_batch,four_ops,torch_cpu,cpu,100,7,2,3.0237e-06,5.115621e-08,2.957997e-06,3.000001e-06,33072066.4
baseline_batch,four_ops,torch_gpu,mps,100,7,2,0.0002439319,5.345115e-05,0.000196209,0.0002339585,409950.5
baseline_batch,four_ops,numpy,cpu,1000,7,2,1.450067e-06,4.70028e-08,1.415996e-06,1.4375e-06,689623391.1
baseline_batch,four_ops,torch_cpu,cpu,1000,7,2,3.058267e-06,5.310817e-08,2.999994e-06,3.042001e-06,326982581.3
baseline_batch,four_ops,torch_gpu,mps,1000,7,2,0.0002413319,6.628262e-05,0.000201584,0.000225458,4143671.0
baseline_batch,four_ops,numpy,cpu,10000,7,2,1.42679e-05,1.903034e-05,5.540998e-06,6.6875e-06,700874017.6
baseline_batch,four_ops,torch_cpu,cpu,10000,7,2,7.720766e-06,1.039583e-06,7.416005e-06,7.540999e-06,1295208231.5
baseline_batch,four_ops,torch_gpu,mps,10000,7,2,0.0002712652,0.0002129392,0.000202459,0.0002194375,36864293.5
baseline_batch,four_ops,numpy,cpu,100000,7,2,5.233337e-05,8.198448e-06,4.8291e-05,5.1063e-05,1910826785.3
baseline_batch,four_ops,torch_cpu,cpu,100000,7,2,0.0001096986,2.799377e-05,7.758399e-05,9.88545e-05,911588666.9
baseline_batch,four_ops,torch_gpu,mps,100000,7,2,0.0003123014,4.219047e-05,0.00024675,0.000302667,320203461.8
baseline_single,abs,python,cpu,1,6,2,1.124327e-07,3.122788e-08,8.299685e-08,1.249937e-07,8894209.2
baseline_batch,abs,numpy,cpu,1,6,2,1.492999e-06,1.953773e-07,1.374996e-06,1.4375e-06,669792.7
baseline_batch,abs,torch_cpu,cpu,1,6,2,5.2333e-06,3.436091e-07,5.040994e-06,5.124999e-06,191084.0
baseline_batch,abs,torch_gpu,mps,1,6,2,0.0002365415,0.0001580079,0.000180667,0.000199354,4227.6
baseline_batch,abs,numpy,cpu,10,6,2,1.561134e-06,8.10067e-08,1.415996e-06,1.542001e-06,6405601.7
baseline_batch,abs,torch_cpu,cpu,10,6,2,5.116567e-06,2.28286e-07,4.957998e-06,5.082999e-06,1954435.4
baseline_batch,abs,torch_gpu,mps,10,6,2,0.0002481444,0.0001689965,0.000186041,0.0002154375,40299.1
baseline_batch,abs,numpy,cpu,100,6,2,1.530532e-06,7.089486e-08,1.416003e-06,1.540997e-06,65336743.1
baseline_batch,abs,torch_cpu,cpu,100,6,2,4.983234e-06,1.156419e-07,4.875001e-06,4.958005e-06,20067287.7
baseline_batch,abs,torch_gpu,mps,100,6,2,0.0002474764,2.890932e-05,0.000216,0.0002379995,404079.0
baseline_batch,abs,numpy,cpu,1000,6,2,2.2375e-06,2.076912e-07,2.124994e-06,2.167002e-06,446927410.7
baseline_batch,abs,torch_cpu,cpu,1000,6,2,5.708168e-06,1.484728e-07,5.583002e-06,5.665999e-06,175187563.9
baseline_batch,abs,torch_gpu,mps,1000,6,2,0.0002635472,0.0002078847,0.000200834,0.0002165625,3794386.2
baseline_batch,abs,numpy,cpu,10000,6,2,7.3487e-06,9.453262e-08,7.249997e-06,7.333001e-06,1360784906.2
baseline_batch,abs,torch_cpu,cpu,10000,6,2,1.474173e-05,1.351072e-07,1.454201e-05,1.4729e-05,678346282.8
baseline_batch,abs,torch_gpu,mps,10000,6,2,0.0002957806,0.00017991,0.000203375,0.0002343545,33808847.1
baseline_batch,abs,numpy,cpu,100000,6,2,6.80624e-05,1.063641e-05,5.904101e-05,6.25625e-05,1469239995.7
baseline_batch,abs,torch_cpu,cpu,100000,6,2,0.0001115403,2.287399e-05,9.2833e-05,0.0001041045,896536675.9
baseline_batch,abs,torch_gpu,mps,100000,6,2,0.0002874029,3.658296e-05,0.000244167,0.0002799375,347943600.8
baseline_single,clamp,python,cpu,1,9,3,1.361666e-07,1.88352e-08,1.249937e-07,1.25001e-07,7343942.9
baseline_batch,clamp,numpy,cpu,1,9,3,1.751299e-06,1.234768e-06,1.374996e-06,1.479497e-06,571004.9
baseline_batch,clamp,torch_cpu,cpu,1,9,3,1.500066e-06,1.435423e-07,1.415996e-06,1.458e-06,666637.2
baseline_batch,clamp,torch_gpu,mps,1,9,3,0.0001546542,1.84209e-05,0.000128125,0.000148479,6466.0
baseline_batch,clamp,numpy,cpu,10,9,3,1.515234e-06,7.312766e-08,1.458e-06,1.500001e-06,6599642.0
baseline_batch,clamp,torch_cpu,cpu,10,9,3,1.526366e-06,4.157758e-08,1.458e-06,1.500004e-06,6551506.9
baseline_batch,clamp,torch_gpu,mps,10,9,3,0.0001623083,3.862701e-05,0.000129875,0.000144604,61611.1
baseline_batch,clamp,numpy,cpu,100,9,3,1.509767e-06,5.212521e-08,1.417e-06,1.499997e-06,66235406.1
baseline_batch,clamp,torch_cpu,cpu,100,9,3,1.643e-06,5.957768e-08,1.583001e-06,1.624998e-06,60864290.8
baseline_batch,clamp,torch_gpu,mps,100,9,3,0.0001539848,3.804946e-05,0.0001285,0.0001425625,649414.9
baseline_batch,clamp,numpy,cpu,1000,9,3,1.6305e-06,1.756537e-07,1.499997e-06,1.583001e-06,613308655.8
baseline_batch,clamp,torch_cpu,cpu,1000,9,3,2.874933e-06,4.091985e-08,2.832996e-06,2.875e-06,347834177.9
baseline_batch,clamp,torch_gpu,mps,1000,9,3,0.0001836736,0.0002255397,0.000130541,0.0001365,5444439.6
baseline_batch,clamp,numpy,cpu,10000,9,3,2.538833e-06,9.655575e-08,2.458e-06,2.500004e-06,3938818129.8
baseline_batch,clamp,torch_cpu,cpu,10000,9,3,1.77388e-05,6.341858e-07,1.7083e-05,1.79585e-05,563736008.4
baseline_batch,clamp,torch_gpu,mps,10000,9,3,0.0002039847,7.672871e-05,0.000161625,0.000187646,49023276.5
baseline_batch,clamp,numpy,cpu,100000,9,3,1.04055e-05,7.170173e-08,1.0292e-05,1.0375e-05,9610302896.0
baseline_batch,clamp,torch_cpu,cpu,100000,9,3,9.029163e-05,2.681129e-05,6.5125e-05,8.71875e-05,1107522319.0
baseline_batch,clamp,torch_gpu,mps,100000,9,3,0.0001949555,4.399836e-05,0.000164459,0.0001822295,512937480.9
baseline_single,quadratic,python,cpu,1,9,4,1.749671e-07,4.000428e-08,1.25001e-07,1.669978e-07,5715359.0
baseline_batch,quadratic,numpy,cpu,1,9,4,1.480566e-06,8.662045e-08,1.374996e-06,1.458498e-06,675417.4
baseline_batch,quadratic,torch_cpu,cpu,1,9,4,5.109667e-06,9.441174e-08,4.999994e-06,5.083002e-06,195707.5
baseline_batch,quadratic,torch_gpu,mps,1,9,4,0.0003471181,0.0001736633,0.000258667,0.0002959375,2880.9
baseline_batch,quadratic,numpy,cpu,10,9,4,1.476367e-06,4.600347e-08,1.415996e-06,1.458498e-06,6773384.8
baseline_batch,quadratic,torch_cpu,cpu,10,9,4,8.2832e-06,1.636363e-05,5.124995e-06,5.249996e-06,1207262.9
baseline_batch,quadratic,torch_gpu,mps,10,9,4,0.0003163348,0.0001428008,0.000257708,0.0002821875,31612.1
baseline_batch,quadratic,numpy,cpu,100,9,4,1.422366e-06,3.241717e-08,1.374996e-06,1.417e-06,70305378.6
baseline_batch,quadratic,torch_cpu,cpu,100,9,4,6.1304e-06,6.239702e-06,4.916001e-06,4.999994e-06,16312148.5
baseline_batch,quadratic,torch_gpu,mps,100,9,4,0.0003243624,0.0001117849,0.000260375,0.0002832705,308297.2
baseline_batch,quadratic,numpy,cpu,1000,9,4,2.351366e-06,5.42404e-08,2.249995e-06,2.354496e-06,425284727.4
baseline_batch,quadratic,torch_cpu,cpu,1000,9,4,4.947234e-06,6.560249e-08,4.875001e-06,4.917005e-06,202133140.7
baseline_batch,quadratic,torch_gpu,mps,1000,9,4,0.0003373557,0.000151749,0.000257459,0.0002962495,2964230.6
baseline_batch,quadratic,numpy,cpu,10000,9,4,8.8069e-06,2.541173e-06,7.832998e-06,8.125004e-06,1135473277.7
baseline_batch,quadratic,torch_cpu,cpu,10000,9,4,1.114993e-05,2.892661e-07,1.079099e-05,1.1e-05,896866428.2
baseline_batch,quadratic,torch_gpu,mps,10000,9,4,0.000306746,0.0001102393,0.000267084,0.0002847085,32600265.6
baseline_batch,quadratic,numpy,cpu,100000,9,4,8.137763e-05,1.10977e-05,6.45e-05,8.06875e-05,1228838878.2
baseline_batch,quadratic,torch_cpu,cpu,100000,9,4,0.0001571486,4.548652e-05,9.4417e-05,0.000139521,636340246.2
baseline_batch,quadratic,torch_gpu,mps,100000,9,4,0.0004207207,0.000171709,0.000326417,0.0003719795,237687359.2
baseline_single,discriminant,python,cpu,1,13,5,1.500009e-07,3.01516e-08,1.249937e-07,1.45501e-07,6666626.7
baseline_batch,discriminant,numpy,cpu,1,13,5,2.870833e-06,2.739581e-07,2.666995e-06,2.812503e-06,348330.9
baseline_batch,discriminant,torch_cpu,cpu,1,13,5,1.16347e-05,5.057687e-07,1.1292e-05,1.14165e-05,85949.8
baseline_batch,discriminant,torch_gpu,mps,1,13,5,0.0003497818,6.516777e-05,0.000300583,0.000323666,2858.9
baseline_batch,discriminant,numpy,cpu,10,13,5,2.7471e-06,9.845086e-08,2.624998e-06,2.749999e-06,3640202.5
baseline_batch,discriminant,torch_cpu,cpu,10,13,5,1.156397e-05,1.996238e-07,1.1333e-05,1.15e-05,864755.2
baseline_batch,discriminant,torch_gpu,mps,10,13,5,0.0003950236,0.0001635934,0.000315,0.0003488335,25314.9
baseline_batch,discriminant,numpy,cpu,100,13,5,2.931967e-06,8.520188e-08,2.832996e-06,2.916997e-06,34106796.7
baseline_batch,discriminant,torch_cpu,cpu,100,13,5,1.234583e-05,3.246124e-07,1.1875e-05,1.24165e-05,8099898.2
baseline_batch,discriminant,torch_gpu,mps,100,13,5,0.0003843723,6.722632e-05,0.000321709,0.000363375,260164.4
baseline_batch,discriminant,numpy,cpu,1000,13,5,4.299966e-06,1.35876e-07,4.166002e-06,4.250003e-06,232559975.9
baseline_batch,discriminant,torch_cpu,cpu,1000,13,5,1.297493e-05,2.210645e-07,1.275e-05,1.2917e-05,77071688.0
baseline_batch,discriminant,torch_gpu,mps,1000,13,5,0.0004320972,0.0001968915,0.000319458,0.0003745625,2314294.1
baseline_batch,discriminant,numpy,cpu,10000,13,5,1.294727e-05,3.391567e-07,1.2458e-05,1.2792e-05,772363814.3
baseline_batch,discriminant,torch_cpu,cpu,10000,13,5,2.562763e-05,1.367145e-06,2.4958e-05,2.5229e-05,390203781.9
baseline_batch,discriminant,torch_gpu,mps,10000,13,5,0.0004108235,0.0001480001,0.000326041,0.0003670415,24341351.4
baseline_batch,discriminant,numpy,cpu,100000,13,5,0.0001356459,4.145964e-05,9.625e-05,0.000140521,737213764.1
baseline_batch,discriminant,torch_cpu,cpu,100000,13,5,0.000244575,2.86375e-05,0.000205458,0.0002393335,408872533.7
baseline_batch,discriminant,torch_gpu,mps,100000,13,5,0.0005253737,0.0001531043,0.000394625,0.0005089375,190340704.1
baseline_single,dist_sq,python,cpu,1,9,3,1.681323e-07,2.318768e-08,1.25001e-07,1.669978e-07,5947695.6
baseline_batch,dist_sq,numpy,cpu,1,9,3,1.5109e-06,1.088556e-07,1.415996e-06,1.499997e-06,661857.0
baseline_batch,dist_sq,torch_cpu,cpu,1,9,3,5.580434e-06,1.343882e-07,5.417001e-06,5.541999e-06,179197.5
baseline_batch,dist_sq,torch_gpu,mps,1,9,3,0.0002593903,8.653503e-05,0.000231,0.000237979,3855.2
baseline_batch,dist_sq,numpy,cpu,10,9,3,1.408467e-06,3.54173e-08,1.332999e-06,1.417e-06,7099919.0
baseline_batch,dist_sq,torch_cpu,cpu,10,9,3,5.794333e-06,9.839396e-08,5.707996e-06,5.75e-06,1725824.3
baseline_batch,dist_sq,torch_gpu,mps,10,9,3,0.000304314,0.0001076454,0.000233,0.00026725,32860.8
baseline_batch,dist_sq,numpy,cpu,100,9,3,1.4458e-06,6.310859e-08,1.374996e-06,1.417e-06,69165838.5
baseline_batch,dist_sq,torch_cpu,cpu,100,9,3,5.987533e-06,2.395112e-07,5.75e-06,5.957998e-06,16701369.4
baseline_batch,dist_sq,torch_gpu,mps,100,9,3,0.0003062625,0.0002247245,0.000238125,0.000256708,326517.3
baseline_batch,dist_sq,numpy,cpu,1000,9,3,2.041599e-06,3.622755e-08,1.999993e-06,2.041998e-06,489812088.1
baseline_batch,dist_sq,torch_cpu,cpu,1000,9,3,5.4193e-06,8.402436e-08,5.290996e-06,5.416001e-06,184525665.3
baseline_batch,dist_sq,torch_gpu,mps,1000,9,3,0.0004069749,0.0002345348,0.00025675,0.0003096665,2457153.8
baseline_batch,dist_sq,numpy,cpu,10000,9,3,6.880535e-06,5.97653e-08,6.792005e-06,6.875001e-06,1453375452.2
baseline_batch,dist_sq,torch_cpu,cpu,10000,9,3,1.126803e-05,2.707707e-07,1.0958e-05,1.1125e-05,887466299.3
baseline_batch,dist_sq,torch_gpu,mps,10000,9,3,0.0003019526,2.018364e-05,0.000276917,0.0002970835,33117777.1
baseline_batch,dist_sq,numpy,cpu,100000,9,3,8.36556e-05,2.458954e-05,6.225e-05,7.80835e-05,1195377228.4
baseline_batch,dist_sq,torch_cpu,cpu,100000,9,3,0.0001630194,4.383714e-05,0.000103833,0.0001557915,613423796.0
baseline_batch,dist_sq,torch_gpu,mps,100000,9,3,0.0005062875,0.0001519864,0.000391125,0.000466167,197516220.8
baseline_single,dot4,python,cpu,1,15,3,1.721661e-07,2.38043e-08,1.25001e-07,1.669978e-07,5808343.2
baseline_batch,dot4,numpy,cpu,1,15,3,2.0207e-06,8.584579e-08,1.957997e-06,2.000001e-06,494877.9
baseline_batch,dot4,torch_cpu,cpu,1,15,3,7.180533e-06,8.970085e-08,7.082999e-06,7.166494e-06,139265.4
baseline_batch,dot4,torch_gpu,mps,1,15,3,0.0003498306,0.0002002129,0.000277333,0.0003088125,2858.5
baseline_batch,dot4,numpy,cpu,10,15,3,1.877734e-06,5.121271e-08,1.792003e-06,1.875e-06,5325569.2
baseline_batch,dot4,torch_cpu,cpu,10,15,3,6.705534e-06,6.55416e-08,6.625e-06,6.708004e-06,1491305.4
baseline_batch,dot4,torch_gpu,mps,10,15,3,0.0002953944,1.955154e-05,0.000277875,0.000287854,33853.0
baseline_batch,dot4,numpy,cpu,100,15,3,1.955333e-06,3.44841e-08,1.916e-06,1.957997e-06,51142175.3
baseline_batch,dot4,torch_cpu,cpu,100,15,3,6.870767e-06,5.047872e-08,6.791997e-06,6.875001e-06,14554415.7
baseline_batch,dot4,torch_gpu,mps,100,15,3,0.0003441903,5.779178e-05,0.000280542,0.0003362085,290537.0
baseline_batch,dot4,numpy,cpu,1000,15,3,3.234667e-06,7.212922e-08,3.125002e-06,3.208501e-06,309150866.7
baseline_batch,dot4,torch_cpu,cpu,1000,15,3,6.834633e-06,7.217086e-08,6.75e-06,6.832997e-06,146313626.0
baseline_batch,dot4,torch_gpu,mps,1000,15,3,0.0003120639,4.33607e-05,0.000279042,0.0002934585,3204471.6
baseline_batch,dot4,numpy,cpu,10000,15,3,2.68458e-05,2.731391e-06,2.4167e-05,2.69165e-05,372497735.3
baseline_batch,dot4,torch_cpu,cpu,10000,15,3,3.054033e-05,1.853669e-06,2.8542e-05,3.05625e-05,327435853.9
baseline_batch,dot4,torch_gpu,mps,10000,15,3,0.0003362666,2.549498e-05,0.000300459,0.000328333,29738311.8
baseline_batch,dot4,numpy,cpu,100000,15,3,9.359847e-05,1.743932e-05,8.7333e-05,8.9375e-05,1068393565.4
baseline_batch,dot4,torch_cpu,cpu,100000,15,3,0.000233025,6.085679e-05,0.000160584,0.000220125,429138504.0
baseline_batch,dot4,torch_gpu,mps,100000,15,3,0.0005877875,0.0002680183,0.000398917,0.0005286665,170129510.9
baseline_single,add,guile,cpu,1,3,1,2.685362e-07,6.409966e-08,2.19145e-07,2.27303e-07,3723892.7
baseline_single,square_plus,guile,cpu,1,4,2,2.680026e-07,4.961213e-09,2.6004e-07,2.7038e-07,3731307.1
baseline_single,four_ops,guile,cpu,1,7,2,3.345288e-07,3.082215e-09,3.30781e-07,3.34671e-07,2989279.2
baseline_single,abs,guile,cpu,1,6,2,2.485896e-07,4.790049e-08,2.11395e-07,2.18957e-07,4022694.4
baseline_single,clamp,guile,cpu,1,9,3,2.492614e-07,8.762877e-09,2.44436e-07,2.45786e-07,4011852.6
baseline_single,quadratic,guile,cpu,1,9,4,4.405164e-07,2.752154e-08,4.10606e-07,4.31626e-07,2270063.0
baseline_single,discriminant,guile,cpu,1,13,5,4.676184e-07,5.88256e-08,4.31524e-07,4.47274e-07,2138495.8
baseline_single,dist_sq,guile,cpu,1,9,3,4.657292e-07,6.560092e-09,4.57753e-07,4.63994e-07,2147170.5
baseline_single,dot4,guile,cpu,1,15,3,7.377356e-07,1.062608e-07,6.81604e-07,6.88082e-07,1355499.2
large_program,tree_100,python_scalar,cpu,1,399,8,2.169007e-05,0.0,2.169007e-05,2.169007e-05,46104.1
large_program,tree_100,numpy,cpu,100000,399,8,0.0104512,0.001283183,0.008828167,0.01003056,9568283.1
large_program,tree_100,torch_cpu,cpu,100000,399,8,0.009917715,0.0006096634,0.00898125,0.009941104,10082967.4
large_program,tree_100,batch_cpu,cpu,100000,399,8,0.3851849,0.04685097,0.351623,0.3644285,259615.6
large_program,tree_100,batch_gpu,mps,100000,399,8,0.3378949,0.01209868,0.3218974,0.3381209,295950.0
large_program,tree_100,torch_gpu,mps,100000,399,8,0.00582146,0.0004370699,0.00529575,0.005705646,17177822.1
large_program,tree_250,python_scalar,cpu,1,999,9,6.117417e-05,0.0,6.117417e-05,6.117417e-05,16346.8
large_program,tree_250,numpy,cpu,100000,999,9,0.02498204,0.002558002,0.02160333,0.02410919,4002875.6
large_program,tree_250,torch_cpu,cpu,100000,999,9,0.02988682,0.01960805,0.02370254,0.02533835,3345956.1
large_program,tree_250,batch_cpu,cpu,100000,999,9,1.064587,0.05320065,1.001663,1.059635,93933.1
large_program,tree_250,batch_gpu,mps,100000,999,9,0.9714776,0.01805528,0.9505722,0.9719151,102936.0
large_program,tree_250,torch_gpu,mps,100000,999,9,0.01396803,0.0002919377,0.01337583,0.01402935,7159208.2
large_program,tree_500,python_scalar,cpu,1,1999,10,0.0001194514,0.0,0.0001194514,0.0001194514,8371.6
large_program,tree_500,numpy,cpu,100000,1999,10,0.04883849,0.007092174,0.03818937,0.04728777,2047565.2
large_program,tree_500,torch_cpu,cpu,100000,1999,10,0.05161253,0.01309069,0.04551992,0.04887187,1937513.8
large_program,tree_500,batch_cpu,cpu,100000,1999,10,2.666505,0.07540867,2.587055,2.656693,37502.3
large_program,tree_500,batch_gpu,mps,100000,1999,10,2.456866,0.05176314,2.39864,2.448167,40702.3
large_program,tree_500,torch_gpu,mps,100000,1999,10,0.02822823,0.003739109,0.02570008,0.0267701,3542553.2
large_program,tree_1000,python_scalar,cpu,1,3999,11,0.0002392667,0.0,0.0002392667,0.0002392667,4179.4
large_program,tree_1000,numpy,cpu,50000,3999,11,0.05052553,0.006650981,0.04179288,0.05076525,989598.7
large_program,tree_1000,torch_cpu,cpu,50000,3999,11,0.05699537,0.002227252,0.05213675,0.05682888,877264.2
large_program,tree_1000,batch_cpu,cpu,50000,3999,11,3.458943,0.2763024,3.088056,3.451745,14455.3
large_program,tree_1000,batch_gpu,mps,50000,3999,11,3.021258,0.02316554,2.990924,3.019609,16549.4
large_program,tree_1000,torch_gpu,mps,50000,3999,11,0.04249601,0.001336604,0.04072725,0.04236906,1176581.0
large_program,tree_2000,python_scalar,cpu,1,7999,12,0.0004874201,0.0,0.0004874201,0.0004874201,2051.6
large_program,tree_2000,numpy,cpu,20000,7999,12,0.03946857,0.008072223,0.03300071,0.03622606,506732.4
large_program,tree_2000,torch_cpu,cpu,20000,7999,12,0.03751939,0.003996155,0.03052667,0.03718377,533057.7
large_program,tree_2000,batch_cpu,cpu,20000,7999,12,2.430523,0.09069593,2.313278,2.427236,8228.7
large_program,tree_2000,batch_gpu,mps,20000,7999,12,2.634922,0.04768897,2.570814,2.642908,7590.4
large_program,tree_2000,torch_gpu,mps,20000,7999,12,0.08673387,0.004918947,0.08245033,0.08430069,230590.4
large_program,tree_5000,python_scalar,cpu,1,19999,14,0.001355215,0.0,0.001355215,0.001355215,737.9
large_program,tree_5000,numpy,cpu,10000,19999,14,0.07008227,0.01359988,0.05014417,0.06677881,142689.4
large_program,tree_5000,torch_cpu,cpu,10000,19999,14,0.0658283,0.01450087,0.05152996,0.06373081,151910.4
large_program,tree_5000,batch_cpu,cpu,10000,19999,14,3.499276,0.1163251,3.327608,3.491055,2857.7
large_program,tree_5000,batch_gpu,mps,10000,19999,14,4.367955,0.05835385,4.315446,4.345098,2289.4
large_program,tree_5000,torch_gpu,mps,10000,19999,14,0.2492452,0.03563983,0.2185663,0.2327433,40121.1
large_program,chain_10,python_scalar,cpu,1,21,10,5.612067e-07,0.0,5.612067e-07,5.612067e-07,1781874.8
large_program,chain_10,numpy,cpu,100000,21,10,0.0001786542,0.0001503364,0.00010825,0.0001123755,559740550.2
large_program,chain_10,torch_cpu,cpu,100000,21,10,0.000564875,0.0002982257,0.000317167,0.0004539995,177030327.0
large_program,chain_10,batch_cpu,cpu,100000,21,10,0.08098404,0.04133588,0.05500542,0.05925183,1234811.2
large_program,chain_10,batch_gpu,mps,100000,21,10,0.03764336,0.0006368012,0.03670837,0.03794037,2656511.1
large_program,chain_10,torch_gpu,mps,100000,21,10,0.0003556487,6.056065e-05,0.000319167,0.000329938,281176366.5
large_program,chain_25,python_scalar,cpu,1,51,25,3.885587e-07,0.0,3.885587e-07,3.885587e-07,2573613.4
large_program,chain_25,numpy,cpu,100000,51,25,0.0002410416,1.022974e-05,0.000232041,0.0002411875,414866204.5
large_program,chain_25,torch_cpu,cpu,100000,51,25,0.0003563666,2.703903e-05,0.000319917,0.0003523545,280609911.4
large_program,chain_25,batch_cpu,cpu,100000,51,25,0.2885681,0.02316907,0.2761322,0.2788615,346538.7
large_program,chain_25,batch_gpu,mps,100000,51,25,0.2296622,0.001114527,0.2283703,0.2297939,435422.1
large_program,chain_25,torch_gpu,mps,100000,51,25,0.0007063389,9.808398e-05,0.000651542,0.00067175,141575106.1
large_program,chain_50,python_scalar,cpu,1,101,50,7.193883e-07,0.0,7.193883e-07,7.193883e-07,1390069.8
large_program,chain_50,numpy,cpu,100000,101,50,0.0005789735,0.0001779824,0.00046975,0.000517271,172719466.6
large_program,chain_50,torch_cpu,cpu,100000,101,50,0.001290493,0.001096635,0.000660084,0.000813708,77489761.5
large_program,chain_50,batch_cpu,cpu,100000,101,50,1.173257,0.1426907,1.030003,1.155355,85232.8
large_program,chain_50,batch_gpu,mps,100000,101,50,0.9537333,0.01579245,0.9415571,0.9477991,104851.1
large_program,chain_50,torch_gpu,mps,100000,101,50,0.001349299,0.000138205,0.001169833,0.001334417,74112585.1
large_program,chain_100,python_scalar,cpu,1,201,100,1.208871e-06,0.0,1.208871e-06,1.208871e-06,827218.0
large_program,chain_100,numpy,cpu,100000,201,100,0.0009331346,3.641125e-05,0.000907875,0.000909979,107165675.7
large_program,chain_100,torch_cpu,cpu,100000,201,100,0.0021683,0.0003373192,0.001847917,0.001989124,46119079.4
large_program,chain_100,batch_cpu,cpu,100000,201,100,4.563311,0.215416,4.40947,4.515219,21913.9
large_program,chain_100,batch_gpu,mps,100000,201,100,3.763444,0.03302938,3.723866,3.760183,26571.4
large_program,chain_100,torch_gpu,mps,100000,201,100,0.002582343,0.0005367678,0.002177541,0.002268792,38724522.7
large_program,chain_250,python_scalar,cpu,1,501,250,2.837626e-06,0.0,2.837626e-06,2.837626e-06,352407.3
large_program,chain_250,numpy,cpu,100000,501,250,0.002286507,2.465114e-05,0.002267208,0.002280917,43734833.5
large_program,chain_250,torch_cpu,cpu,100000,501,250,0.005252824,0.000306237,0.004903375,0.005187292,19037379.7
large_program,chain_250,batch_cpu,cpu,100000,501,250,27.50316,2.359834,25.43019,26.90062,3635.9
large_program,chain_250,batch_gpu,mps,100000,501,250,27.55274,0.4760314,27.06215,27.5681,3629.4
large_program,chain_250,torch_gpu,mps,100000,501,250,0.005641871,0.0007839951,0.005232458,0.005349333,17724617.6
large_program,chain_500,python_scalar,cpu,1,1001,500,7.071917e-06,0.0,7.071917e-06,7.071917e-06,141404.4
large_program,chain_500,numpy,cpu,100000,1001,500,0.004961765,0.001087162,0.004531083,0.00477548,20154117.6
large_program,chain_500,torch_cpu,cpu,100000,1001,500,0.01293601,0.00104157,0.01122662,0.01276083,7730358.2
large_program,chain_500,torch_gpu,mps,100000,1001,500,0.01067976,0.0001429561,0.01044608,0.01064335,9363505.2
large_program,chain_1000,python_scalar,cpu,1,2001,1000,1.429133e-05,0.0,1.429133e-05,1.429133e-05,69972.5
large_program,chain_1000,numpy,cpu,50000,2001,1000,0.004893896,4.671378e-05,0.0048475,0.004871667,10216809.1
large_program,chain_1000,torch_cpu,cpu,50000,2001,1000,0.01428443,0.0001647331,0.01395038,0.01427854,3500313.9
large_program,chain_1000,torch_gpu,mps,50000,2001,1000,0.02390592,0.00819612,0.020552,0.0212705,2091531.7
